{"stats":{"minecraft:picked_up":{"minecraft:fishing_rod":1,"minecraft:crafting_table":12,"minecraft:wheat":30,"minecraft:azure_bluet":2,"minecraft:lead":1,"minecraft:oak_stairs":1,"minecraft:cornflower":15,"minecraft:oak_trapdoor":1,"minecraft:string":2,"minecraft:cooked_salmon":1,"minecraft:pufferfish":1,"minecraft:beef":9,"minecraft:poppy":1,"minecraft:iron_pickaxe":2,"minecraft:sugar_cane":44,"minecraft:birch_sapling":1,"minecraft:egg":1,"minecraft:furnace":1,"minecraft:stick":12,"minecraft:torch":37,"minecraft:porkchop":6,"minecraft:dried_kelp":31,"minecraft:diorite":131,"minecraft:stone_sword":2,"minecraft:arrow":5,"minecraft:rotten_flesh":4,"minecraft:tropical_fish":4,"minecraft:mutton":12,"minecraft:cod":3,"minecraft:white_wool":8,"minecraft:cobblestone":599,"minecraft:stripped_oak_log":1,"minecraft:birch_log":78,"minecraft:birch_leaves":131,"minecraft:polished_diorite_slab":67,"minecraft:cooked_beef":1,"minecraft:salmon":1,"minecraft:andesite":10,"minecraft:leather":4,"minecraft:flint":2,"minecraft:oak_log":100,"minecraft:stripped_birch_log":3,"minecraft:dirt":347,"minecraft:white_banner":3,"minecraft:leather_boots":1,"minecraft:bone":2,"minecraft:apple":2,"minecraft:kelp":127,"minecraft:bow":1,"minecraft:wheat_seeds":90,"minecraft:stone_pickaxe":4,"minecraft:iron_ore":30,"minecraft:oak_planks":23,"minecraft:stone_hoe":1,"minecraft:oak_slab":5,"minecraft:dandelion":1,"minecraft:gravel":24,"minecraft:sand":49,"minecraft:white_bed":7,"minecraft:grass_block":1,"minecraft:gold_ore":3,"minecraft:spider_eye":1,"minecraft:sugar":1,"minecraft:polished_diorite":9,"minecraft:stone_axe":1,"minecraft:painting":38,"minecraft:granite":78,"minecraft:crossbow":1,"minecraft:gray_wool":1,"minecraft:oak_sapling":19,"minecraft:coal":187},"minecraft:crafted":{"minecraft:oak_planks":164,"minecraft:stone_shovel":3,"minecraft:fishing_rod":1,"minecraft:oak_pressure_plate":3,"minecraft:furnace":4,"minecraft:yellow_bed":1,"minecraft:cooked_mutton":4,"minecraft:oak_trapdoor":2,"minecraft:glass":39,"minecraft:polished_diorite":104,"minecraft:ladder":6,"minecraft:stone_pickaxe":10,"minecraft:oak_fence":18,"minecraft:polished_diorite_slab":114,"minecraft:cooked_cod":1,"minecraft:oak_slab":6,"minecraft:crafting_table":3,"minecraft:dried_kelp":64,"minecraft:wooden_pickaxe":1,"minecraft:blue_bed":1,"minecraft:cooked_salmon":1,"minecraft:bucket":1,"minecraft:campfire":1,"minecraft:stone_axe":3,"minecraft:painting":1,"minecraft:blue_dye":1,"minecraft:yellow_dye":1,"minecraft:stick":92,"minecraft:iron_pickaxe":2,"minecraft:iron_ingot":33,"minecraft:gold_ingot":30,"minecraft:torch":112,"minecraft:shears":1},"minecraft:killed":{"minecraft:spider":1,"minecraft:skeleton":2,"minecraft:drowned":1,"minecraft:pig":3,"minecraft:salmon":1,"minecraft:sheep":6,"minecraft:pillager":3,"minecraft:zombie":2,"minecraft:cow":4,"minecraft:enderman":1},"minecraft:custom":{"minecraft:mob_kills":25,"minecraft:interact_with_crafting_table":52,"minecraft:leave_game":2,"minecraft:time_since_death":216994,"minecraft:climb_one_cm":18396,"minecraft:sprint_one_cm":11849,"minecraft:walk_one_cm":655106,"minecraft:drop":81,"minecraft:sneak_time":980,"minecraft:walk_under_water_one_cm":34615,"minecraft:boat_one_cm":273,"minecraft:jump":1140,"minecraft:walk_on_water_one_cm":58502,"minecraft:interact_with_furnace":54,"minecraft:play_one_minute":216994,"minecraft:sleep_in_bed":7,"minecraft:time_since_rest":25497,"minecraft:damage_taken":1014,"minecraft:damage_dealt":3358,"minecraft:fly_one_cm":7814,"minecraft:swim_one_cm":3568,"minecraft:player_kills":1,"minecraft:open_chest":40,"minecraft:crouch_one_cm":473,"minecraft:fish_caught":6,"minecraft:fall_one_cm":6924},"minecraft:mined":{"minecraft:white_bed":7,"minecraft:stripped_birch_log":3,"minecraft:granite":71,"minecraft:grass_block":62,"minecraft:polished_diorite":9,"minecraft:kelp":1,"minecraft:tall_seagrass":2,"minecraft:oak_trapdoor":1,"minecraft:furnace":1,"minecraft:iron_ore":31,"minecraft:andesite":10,"minecraft:azure_bluet":2,"minecraft:oak_stairs":1,"minecraft:stripped_oak_log":1,"minecraft:stone":626,"minecraft:oak_slab":5,"minecraft:kelp_plant":1,"minecraft:dandelion":1,"minecraft:cornflower":8,"minecraft:crafting_table":12,"minecraft:torch":8,"minecraft:poppy":1,"minecraft:polished_diorite_slab":6,"minecraft:glass":1,"minecraft:tall_grass":2,"minecraft:cobblestone":4,"minecraft:sugar_cane":32,"minecraft:diorite":123,"minecraft:wall_torch":14,"minecraft:seagrass":1,"minecraft:birch_log":79,"minecraft:wheat":30,"minecraft:birch_leaves":161,"minecraft:white_wall_banner":2,"minecraft:grass":15,"minecraft:oak_log":98,"minecraft:coal_ore":188,"minecraft:gravel":26,"minecraft:sand":55,"minecraft:dirt":266,"minecraft:gold_ore":2,"minecraft:oak_leaves":54},"minecraft:used":{"minecraft:oak_trapdoor":3,"minecraft:oak_fence":16,"minecraft:stone_sword":27,"minecraft:stone_shovel":355,"minecraft:dried_kelp":2,"minecraft:ladder":6,"minecraft:cooked_salmon":1,"minecraft:torch":107,"minecraft:dirt":57,"minecraft:azure_bluet":2,"minecraft:polished_diorite":28,"minecraft:glass":29,"minecraft:grass_block":1,"minecraft:oak_stairs":1,"minecraft:birch_sapling":1,"minecraft:bow":4,"minecraft:furnace":5,"minecraft:egg":1,"minecraft:wheat_seeds":30,"minecraft:cooked_mutton":10,"minecraft:water_bucket":12,"minecraft:stripped_birch_log":1,"minecraft:birch_leaves":130,"minecraft:stone_pickaxe":1071,"minecraft:polished_diorite_slab":88,"minecraft:wooden_pickaxe":53,"minecraft:blue_bed":1,"minecraft:sugar_cane":40,"minecraft:sand":10,"minecraft:oak_slab":9,"minecraft:crafting_table":15,"minecraft:campfire":1,"minecraft:white_bed":5,"minecraft:painting":39,"minecraft:shears":140,"minecraft:cornflower":7,"minecraft:apple":2,"minecraft:iron_pickaxe":2,"minecraft:oak_pressure_plate":3,"minecraft:gravel":3,"minecraft:stone_axe":384,"minecraft:fishing_rod":10,"minecraft:cobblestone":11,"minecraft:white_banner":3,"minecraft:birch_log":13,"minecraft:bucket":12,"minecraft:yellow_bed":1,"minecraft:stripped_oak_log":1,"minecraft:dandelion":6},"minecraft:broken":{"minecraft:wooden_pickaxe":1,"minecraft:stone_pickaxe":7,"minecraft:stone_axe":3,"minecraft:stone_shovel":2},"minecraft:dropped":{"minecraft:stone_hoe":1,"minecraft:oak_log":64,"minecraft:pufferfish":1,"minecraft:cooked_cod":1,"minecraft:dried_kelp":1,"minecraft:iron_pickaxe":4,"minecraft:fishing_rod":1,"minecraft:birch_log":20,"minecraft:stone_sword":1,"minecraft:oak_planks":8,"minecraft:stone_pickaxe":5}},"DataVersion":2584}