{"stats":{"minecraft:killed_by":{"minecraft:player":1,"minecraft:creeper":1,"minecraft:skeleton":1,"minecraft:zombie":1},"minecraft:picked_up":{"minecraft:wooden_axe":1,"minecraft:crafting_table":3,"minecraft:wheat":24,"minecraft:ladder":1,"minecraft:lead":2,"minecraft:oak_stairs":20,"minecraft:string":4,"minecraft:pufferfish":1,"minecraft:birch_fence":12,"minecraft:poppy":9,"minecraft:iron_pickaxe":3,"minecraft:sugar_cane":39,"minecraft:birch_sapling":4,"minecraft:stick":94,"minecraft:oak_door":2,"minecraft:oak_fence":30,"minecraft:torch":79,"minecraft:dried_kelp":1,"minecraft:diorite":3,"minecraft:redstone":21,"minecraft:stone_sword":4,"minecraft:stone_shovel":7,"minecraft:rotten_flesh":12,"minecraft:cooked_cod":1,"minecraft:cobblestone":305,"minecraft:birch_log":12,"minecraft:andesite":7,"minecraft:birch_slab":5,"minecraft:salmon":24,"minecraft:birch_planks":25,"minecraft:flint":5,"minecraft:oak_log":193,"minecraft:lapis_lazuli":22,"minecraft:dirt":275,"minecraft:cooked_mutton":3,"minecraft:apple":4,"minecraft:wheat_seeds":92,"minecraft:stone_pickaxe":5,"minecraft:oak_fence_gate":5,"minecraft:iron_ore":15,"minecraft:oak_planks":9,"minecraft:stone_hoe":2,"minecraft:iron_sword":1,"minecraft:dandelion":4,"minecraft:oak_pressure_plate":2,"minecraft:gravel":48,"minecraft:sand":29,"minecraft:white_bed":1,"minecraft:gold_ore":5,"minecraft:spider_eye":2,"minecraft:stone_axe":8,"minecraft:granite":3,"minecraft:bone_meal":2,"minecraft:oak_sapling":41,"minecraft:coal":178},"minecraft:crafted":{"minecraft:oak_planks":266,"minecraft:stone_shovel":2,"minecraft:oak_pressure_plate":4,"minecraft:birch_boat":1,"minecraft:birch_slab":30,"minecraft:cooked_mutton":13,"minecraft:glass_pane":32,"minecraft:glass":29,"minecraft:ladder":9,"minecraft:stone_pickaxe":5,"minecraft:chest":2,"minecraft:oak_fence":45,"minecraft:cooked_beef":9,"minecraft:sugar":2,"minecraft:cooked_porkchop":6,"minecraft:crafting_table":2,"minecraft:dried_kelp":59,"minecraft:iron_sword":1,"minecraft:cooked_salmon":15,"minecraft:bucket":2,"minecraft:birch_planks":4,"minecraft:stone_axe":6,"minecraft:bread":2,"minecraft:air":0,"minecraft:oak_fence_gate":2,"minecraft:birch_fence":12,"minecraft:stick":116,"minecraft:iron_ingot":39,"minecraft:oak_stairs":56,"minecraft:stone_sword":3,"minecraft:torch":104},"minecraft:killed":{"minecraft:drowned":3,"minecraft:salmon":12,"minecraft:wandering_trader":1,"minecraft:trader_llama":1,"minecraft:zombie":2},"minecraft:custom":{"minecraft:mob_kills":20,"minecraft:animals_bred":2,"minecraft:interact_with_crafting_table":46,"minecraft:leave_game":2,"minecraft:time_since_death":155738,"minecraft:climb_one_cm":8013,"minecraft:sprint_one_cm":56130,"minecraft:walk_one_cm":742987,"minecraft:drop":48,"minecraft:talked_to_villager":2,"minecraft:deaths":4,"minecraft:sneak_time":3886,"minecraft:walk_under_water_one_cm":17612,"minecraft:boat_one_cm":13269,"minecraft:jump":1373,"minecraft:walk_on_water_one_cm":49116,"minecraft:interact_with_furnace":15,"minecraft:play_one_minute":286120,"minecraft:sleep_in_bed":3,"minecraft:time_since_rest":155828,"minecraft:damage_taken":1371,"minecraft:damage_dealt":2443,"minecraft:fly_one_cm":118096,"minecraft:player_kills":1,"minecraft:open_chest":99,"minecraft:crouch_one_cm":4719,"minecraft:fall_one_cm":8638},"minecraft:mined":{"minecraft:white_bed":1,"minecraft:granite":3,"minecraft:grass_block":135,"minecraft:tall_seagrass":2,"minecraft:redstone_ore":6,"minecraft:iron_ore":19,"minecraft:andesite":7,"minecraft:oak_stairs":17,"minecraft:stone":278,"minecraft:glass_pane":3,"minecraft:dandelion":4,"minecraft:oak_fence":6,"minecraft:crafting_table":3,"minecraft:torch":4,"minecraft:poppy":9,"minecraft:cobblestone":2,"minecraft:tall_grass":5,"minecraft:sugar_cane":25,"minecraft:oak_planks":1,"minecraft:wall_torch":3,"minecraft:diorite":3,"minecraft:seagrass":1,"minecraft:birch_log":6,"minecraft:wheat":27,"minecraft:grass":50,"minecraft:coal_ore":37,"minecraft:oak_log":93,"minecraft:oak_fence_gate":3,"minecraft:gravel":54,"minecraft:sand":29,"minecraft:dirt":52,"minecraft:gold_ore":5,"minecraft:oak_leaves":62},"minecraft:used":{"minecraft:oak_trapdoor":1,"minecraft:oak_fence":105,"minecraft:petrified_oak_slab":19,"minecraft:stone_sword":135,"minecraft:stone_shovel":219,"minecraft:ladder":7,"minecraft:chest":2,"minecraft:stone":2,"minecraft:iron_sword":15,"minecraft:rotten_flesh":1,"minecraft:oak_door":3,"minecraft:torch":83,"minecraft:dirt":189,"minecraft:oak_fence_gate":5,"minecraft:wooden_axe":7,"minecraft:grass_block":29,"minecraft:oak_stairs":103,"minecraft:cooked_cod":1,"minecraft:wheat_seeds":32,"minecraft:cooked_mutton":1,"minecraft:lead":1,"minecraft:stone_pickaxe":312,"minecraft:oak_planks":440,"minecraft:wooden_pickaxe":44,"minecraft:birch_boat":1,"minecraft:crafting_table":5,"minecraft:white_bed":1,"minecraft:cod":3,"minecraft:oak_log":115,"minecraft:apple":1,"minecraft:birch_slab":25,"minecraft:iron_pickaxe":11,"minecraft:oak_pressure_plate":4,"minecraft:gravel":9,"minecraft:pufferfish":1,"minecraft:stone_axe":159,"minecraft:bucket":2,"minecraft:glass_pane":46},"minecraft:broken":{"minecraft:wooden_pickaxe":1,"minecraft:stone_pickaxe":1,"minecraft:stone_axe":1,"minecraft:stone_shovel":1},"minecraft:dropped":{"minecraft:oak_fence":2,"minecraft:torch":36,"minecraft:oak_stairs":2,"minecraft:sugar":1,"minecraft:stone_shovel":2,"minecraft:cooked_mutton":2,"minecraft:stone_pickaxe":3}},"DataVersion":2584}