{"stats":{"minecraft:killed_by":{"minecraft:player":1,"minecraft:creeper":1,"minecraft:pillager":1,"minecraft:drowned":1,"minecraft:skeleton":1},"minecraft:picked_up":{"minecraft:wooden_axe":2,"minecraft:fishing_rod":1,"minecraft:crafting_table":3,"minecraft:wheat":20,"minecraft:azure_bluet":3,"minecraft:ladder":1,"minecraft:wooden_pickaxe":2,"minecraft:oak_stairs":6,"minecraft:string":2,"minecraft:oak_sign":1,"minecraft:poppy":4,"minecraft:iron_pickaxe":1,"minecraft:sugar_cane":20,"minecraft:chest":4,"minecraft:birch_sapling":2,"minecraft:stick":18,"minecraft:oak_door":1,"minecraft:birch_trapdoor":1,"minecraft:torch":50,"minecraft:dried_kelp":1,"minecraft:diorite":7,"minecraft:redstone":4,"minecraft:rotten_flesh":10,"minecraft:stone_sword":5,"minecraft:stone_shovel":4,"minecraft:mutton":22,"minecraft:cod":3,"minecraft:white_wool":9,"minecraft:cobblestone":486,"minecraft:birch_log":35,"minecraft:cooked_beef":5,"minecraft:lilac":18,"minecraft:andesite":16,"minecraft:salmon":12,"minecraft:leather":1,"minecraft:oak_log":225,"minecraft:lily_pad":1,"minecraft:cobblestone_stairs":29,"minecraft:lapis_lazuli":22,"minecraft:dirt":641,"minecraft:white_banner":3,"minecraft:cooked_mutton":5,"minecraft:apple":9,"minecraft:kelp":90,"minecraft:wheat_seeds":181,"minecraft:stone_pickaxe":6,"minecraft:iron_ore":39,"minecraft:oak_planks":34,"minecraft:stone_hoe":4,"minecraft:dandelion":5,"minecraft:oak_pressure_plate":2,"minecraft:gravel":7,"minecraft:sand":4,"minecraft:white_bed":4,"minecraft:gold_ore":25,"minecraft:spider_eye":1,"minecraft:polished_diorite":4,"minecraft:stone_axe":4,"minecraft:granite":39,"minecraft:painting":5,"minecraft:bread":2,"minecraft:oak_sapling":17,"minecraft:coal":99},"minecraft:crafted":{"minecraft:oak_door":6,"minecraft:oak_planks":140,"minecraft:stone_shovel":2,"minecraft:oak_sign":3,"minecraft:oak_pressure_plate":3,"minecraft:furnace":1,"minecraft:cobblestone_stairs":64,"minecraft:iron_axe":2,"minecraft:ladder":6,"minecraft:iron_hoe":2,"minecraft:stone_pickaxe":2,"minecraft:chest":5,"minecraft:stone_hoe":1,"minecraft:crafting_table":1,"minecraft:dried_kelp":3,"minecraft:wooden_pickaxe":1,"minecraft:bucket":2,"minecraft:birch_planks":100,"minecraft:stone_axe":1,"minecraft:bread":1,"minecraft:oak_boat":1,"minecraft:charcoal":9,"minecraft:stick":48,"minecraft:oak_stairs":12,"minecraft:birch_trapdoor":2,"minecraft:wooden_axe":1,"minecraft:stone_sword":1,"minecraft:iron_shovel":2,"minecraft:white_bed":3,"minecraft:torch":4},"minecraft:killed":{"minecraft:spider":2,"minecraft:drowned":2,"minecraft:salmon":6,"minecraft:sheep":7,"minecraft:trader_llama":1,"minecraft:zombie":4,"minecraft:enderman":1},"minecraft:custom":{"minecraft:mob_kills":24,"minecraft:interact_with_crafting_table":58,"minecraft:leave_game":9,"minecraft:time_since_death":86407,"minecraft:climb_one_cm":11159,"minecraft:sprint_one_cm":121604,"minecraft:walk_one_cm":1149633,"minecraft:drop":15,"minecraft:talked_to_villager":1,"minecraft:deaths":5,"minecraft:sneak_time":1128,"minecraft:walk_under_water_one_cm":24603,"minecraft:boat_one_cm":56868,"minecraft:jump":1319,"minecraft:walk_on_water_one_cm":30422,"minecraft:interact_with_furnace":24,"minecraft:play_one_minute":231651,"minecraft:sleep_in_bed":10,"minecraft:time_since_rest":4242,"minecraft:damage_taken":1989,"minecraft:damage_dealt":3228,"minecraft:swim_one_cm":53621,"minecraft:fly_one_cm":30521,"minecraft:open_chest":89,"minecraft:crouch_one_cm":1952,"minecraft:fish_caught":3,"minecraft:fall_one_cm":11957},"minecraft:mined":{"minecraft:white_bed":3,"minecraft:farmland":3,"minecraft:oak_door":1,"minecraft:cobblestone_stairs":4,"minecraft:ladder":1,"minecraft:granite":45,"minecraft:grass_block":401,"minecraft:oak_pressure_plate":1,"minecraft:kelp":8,"minecraft:redstone_ore":1,"minecraft:iron_ore":35,"minecraft:andesite":16,"minecraft:azure_bluet":1,"minecraft:oak_sign":1,"minecraft:oak_stairs":2,"minecraft:stone":361,"minecraft:kelp_plant":47,"minecraft:dandelion":2,"minecraft:crafting_table":3,"minecraft:torch":3,"minecraft:chest":4,"minecraft:tall_grass":58,"minecraft:lapis_ore":4,"minecraft:sugar_cane":9,"minecraft:diorite":15,"minecraft:wall_torch":14,"minecraft:seagrass":1,"minecraft:birch_log":5,"minecraft:wheat":31,"minecraft:birch_trapdoor":1,"minecraft:lilac":9,"minecraft:birch_leaves":4,"minecraft:white_wall_banner":1,"minecraft:grass":728,"minecraft:oak_log":101,"minecraft:coal_ore":98,"minecraft:gravel":6,"minecraft:sand":4,"minecraft:dirt":170,"minecraft:gold_ore":26,"minecraft:oak_leaves":260},"minecraft:used":{"minecraft:stone_sword":115,"minecraft:iron_shovel":418,"minecraft:stone_shovel":117,"minecraft:dried_kelp":3,"minecraft:ladder":6,"minecraft:oak_sign":4,"minecraft:chest":9,"minecraft:stone_hoe":73,"minecraft:oak_door":4,"minecraft:torch":45,"minecraft:dirt":224,"minecraft:mutton":2,"minecraft:granite":3,"minecraft:iron_hoe":366,"minecraft:wooden_axe":31,"minecraft:iron_axe":138,"minecraft:oak_stairs":10,"minecraft:birch_trapdoor":2,"minecraft:oak_sapling":13,"minecraft:furnace":1,"minecraft:cooked_beef":2,"minecraft:wheat_seeds":172,"minecraft:cooked_mutton":3,"minecraft:water_bucket":3,"minecraft:cobblestone_stairs":43,"minecraft:stone_pickaxe":484,"minecraft:wooden_pickaxe":16,"minecraft:sugar_cane":8,"minecraft:salmon":3,"minecraft:sand":4,"minecraft:crafting_table":4,"minecraft:white_bed":6,"minecraft:painting":2,"minecraft:oak_log":1,"minecraft:apple":1,"minecraft:bread":1,"minecraft:iron_pickaxe":118,"minecraft:oak_pressure_plate":5,"minecraft:stone_axe":59,"minecraft:fishing_rod":7,"minecraft:cobblestone":8,"minecraft:white_banner":1,"minecraft:bucket":3,"minecraft:oak_boat":1},"minecraft:broken":{"minecraft:iron_shovel":1,"minecraft:stone_pickaxe":4,"minecraft:iron_hoe":1},"minecraft:dropped":{"minecraft:cooked_beef":1,"minecraft:oak_log":49,"minecraft:white_banner":2,"minecraft:fishing_rod":1,"minecraft:polished_diorite":4,"minecraft:stone_shovel":1,"minecraft:white_bed":1,"minecraft:painting":3,"minecraft:stone_pickaxe":1}},"DataVersion":2584}